{"Tree760":[[-0.0768827,-1.0755,0,0,0.529328,-0.0378393,1.01943,0,-0.979119,0.0699928,0.510993,0,-45.5289,2.55439,22.3624,1]],"Mountain01":[[1,0,0,0,0,1,0,0,0,0,1,0,38.5251,30.9651,-36.6986,1]],"Globe":[[0.5,0,0,0,0,0.5,0,0,0,0,0.5,0,0,0,0.101099,1]],"A_WindTurbine009":[[-0.0554849,0.555077,0.646791,0,0.832067,0.175733,-0.0794356,0,-0.216243,0.73166,-0.646462,0,-4.50763,35.2962,-55.6678,1],[-0.0554846,0.555076,0.646791,0,0.851731,0.0601961,0.0214049,0,-0.0370829,0.756764,-0.652636,0,9.06921,35.0111,-57.2827,1],[-0.0554846,0.555076,0.646791,0,0.851731,0.0601961,0.0214049,0,-0.0370829,0.756764,-0.652636,0,7.51675,51.8543,-42.8762,1],[0.515757,-0.581392,0.354267,0,0.0506282,-0.410462,-0.747319,0,0.794896,0.552921,-0.249838,0,15.3244,-63.3082,26.606,1],[-0.848432,0.0373422,-0.0910774,0,0.0476944,-0.535369,-0.663802,0,-0.100816,-0.777949,0.620188,0,-11.1973,-55.6904,39.6041,1],[-0.758552,0.347284,-0.183084,0,-0.0286736,-0.446267,-0.727702,0,-0.458412,-0.749459,0.477672,0,1.97605,-68.4272,21.6083,1],[-0.700972,0.314662,-0.373032,0,0.0976687,-0.54921,-0.646804,0,-0.559812,-0.67143,0.485587,0,13.2621,-56.4727,38.7668,1],[-0.013951,0.658405,-0.543908,0,0.0338908,-0.543125,-0.658326,0,-0.999079,-0.0378571,-0.0202004,0,-0.329225,-60.6425,36.9031,1],[-0.29217,0.622585,-0.435684,0,0.0635888,-0.44511,-0.678697,0,-0.892906,-0.32734,0.131021,0,-5.54094,-64.8253,26.3911,1]],"A_Cow008":[[-0.949883,0.371649,0,0,0.0637644,0.162973,1.00488,0,0.366138,0.935798,-0.175003,0,18.26,46.6439,-8.50915,1],[-1.06796,0.160793,0,0,0.127605,0.847535,0.657116,0,0.0978332,0.649792,-0.857087,0,4.68103,30.4015,-40.4568,1],[0.614065,-0.700236,-0.546804,0,-0.858933,-0.298029,-0.582934,0,0.227063,0.766322,-0.726356,0,10.6734,36.014,-34.3147,1],[-0.847355,-0.237974,0.515517,0,0.464281,0.242709,0.875178,0,-0.326853,0.961697,-0.0933072,0,-15.704,48.0405,-4.56499,1],[0.037527,0.264991,1.00497,0,1.03379,-0.113139,-0.00877054,0,0.107094,0.999289,-0.267492,0,5.67102,48.8442,-12.6067,1],[-0.79811,-0.0787203,-0.450803,0,-0.447479,0.324024,0.735643,0,0.095827,0.857445,-0.319383,0,5.29315,47.1962,-17.323,1],[-0.930568,0.147425,0.184146,0,0.2353,0.527171,0.767024,0,0.0166693,0.788643,-0.547143,0,1.08141,41.2606,-28.8139,1]],"A_Cloud14":[[0.643105,0.647859,0,0,0.14703,-0.145951,0.450516,0,0.186537,-0.185169,-0.120866,0,31.9404,-32.0719,-20.704,1],[-0.900604,-0.149047,0,0,-0.0644553,0.389465,0.300076,0,-0.0285845,0.172719,-0.230311,0,-6.74921,29.8866,-40.5192,1],[0.847252,-0.339802,0,0,-0.117698,-0.293464,0.38198,0,-0.0829551,-0.206838,-0.184468,0,-13.7623,-34.3841,-31.1416,1],[0.896027,-0.174463,0,0,0.0846993,0.435009,0.222431,0,-0.0248013,-0.127378,0.258558,0,-3.81305,-19.3798,48.1128,1],[-0.932196,-0.172174,0.16868,0,0.136255,-0.347478,0.398325,0,-0.00643525,0.254542,0.224251,0,-0.900077,37.6804,33.529,1],[0.132592,0.903173,0,0,-0.208529,0.0306136,0.448844,0,0.259086,-0.0380357,0.122964,0,45.749,-5.56072,20.4487,1],[-0.517301,-0.4899,-0.570701,0,-0.0710605,-0.338684,0.355143,0,-0.234728,0.143334,0.0897241,0,-41.4153,24.8806,15.1517,1],[0.188939,0.89309,0,0,-0.483519,0.102292,0.0403629,0,0.0230384,-0.00487392,0.288336,0,4.4949,-0.972343,50.2323,1],[0.656812,-0.633955,0,0,-0.0154601,-0.0160175,0.495366,0,-0.200707,-0.207943,-0.0129877,0,-35.1127,-36.4024,-2.10233,1],[-0.715413,0.566998,0,0,-0.260898,-0.32919,0.263534,0,0.0954981,0.120495,0.245058,0,16.5539,20.9421,42.9412,1]],"A_Cloud13":[[-0.265083,-0.855866,0,0,-0.764798,0.236878,0.402177,0,-0.384173,0.118988,-0.800643,0,-21.4995,6.21754,-44.4579,1],[-0.849931,0.283542,0,0,0.0438926,0.13157,0.885179,0,0.280124,0.839686,-0.138699,0,15.8748,47.5652,-7.74522,1],[-0.877017,-0.183351,0,0,0.0237745,-0.11372,0.888414,0,-0.181804,0.869614,0.116178,0,-10.2256,48.8746,6.31629,1],[-0.281679,-0.707284,-0.368894,0,-0.372835,-0.229128,0.723997,0,-0.705215,0.403642,-0.23542,0,-42.0964,24.0873,-13.8081,1],[0.495887,-0.746238,0,0,0.38128,0.253367,0.770199,0,-0.64148,-0.426274,0.457787,0,-36.0178,-23.7373,26.0441,1]],"A_Balloon001":[[-0.574999,0.818157,0,0,-0.439962,-0.309204,0.843107,0,0.689792,0.484784,0.537748,0,34.7758,24.4528,27.1452,1]],"A_FishingBoat01":[[0.702835,0.102231,-0.0958246,0,0.119496,-0.693255,0.136851,0,-0.0731728,-0.150188,-0.696922,0,-5.22175,-10.8473,-48.8001,1],[0.326577,0.564286,0.491806,0,-0.457892,-0.273866,0.618285,0,0.592137,-0.522993,0.20687,0,36.5268,-32.2743,12.6396,1]],"A_Bird17":[[0.210127,-0.677762,0.0477142,0,0.567224,0.202483,0.378218,0,-0.374025,-0.0736921,0.600388,0,-26.274,-5.22176,42.5223,1],[0.710303,-0.0355113,0,0,-0.0280662,-0.561385,0.435718,0,-0.0217564,-0.435175,-0.562086,0,-1.56589,-30.7076,-39.8159,1],[0.611889,0.343303,-0.1163,0,0.198169,-0.12578,0.671341,0,0.303499,-0.610011,-0.203877,0,21.2007,-42.6364,-14.1203,1],[0.672987,0.220223,0.0661976,0,0.0111859,-0.235838,0.670855,0,0.229685,-0.633777,-0.226633,0,15.9364,-43.9935,-15.6002,1],[0.682802,0.176867,0.0910549,0,-0.0404577,-0.19526,0.682662,0,0.194772,-0.660592,-0.177404,0,13.7717,-46.722,-12.4224,1]],"A_Bird16":[[0.309842,-0.634337,0.086051,0,0.571988,0.317265,0.279219,0,-0.287434,-0.0524382,0.6484,0,-20.2872,-3.7297,45.9648,1],[0.0540915,-0.707753,0.0441897,0,0.657793,0.0666335,0.262031,0,-0.264905,0.0209424,0.659681,0,-18.6574,1.46378,46.6644,1],[0.124461,0.700214,0,0,0.609721,-0.108376,0.349693,0,0.344296,-0.0611975,-0.619278,0,24.7366,-4.38421,-44.1113,1],[0.199704,0.674559,0.104317,0,0.540996,-0.222698,0.404383,0,0.416219,-0.0341992,-0.575664,0,29.6459,-2.45998,-41.1902,1],[0.705429,-0.0903381,0,0,-0.0789331,-0.61637,0.345902,0,-0.0439378,-0.3431,-0.621403,0,-3.15007,-24.3145,-43.9092,1],[-0.63645,-0.29178,-0.124846,0,-0.194998,0.138791,0.669704,0,-0.250396,0.633555,-0.204207,0,-17.5407,45.1435,-13.5744,1],[-0.655693,-0.275423,0,0,-0.103659,0.246778,0.658897,0,-0.255172,0.607481,-0.267665,0,-18.2558,42.7697,-19.1108,1],[0.656668,0.261361,0.0791738,0,-0.036794,-0.119633,0.70009,0,0.2706,-0.650514,-0.0969394,0,19.3326,-46.4917,-7.05634,1]],"A_Bird15":[[0.0401498,-0.710055,0,0,0.642789,0.0363463,0.302144,0,-0.301662,-0.0170574,0.643816,0,-21.2366,-1.221,45.5229,1],[0.709986,0.041358,0,0,0.0338842,-0.581684,0.407782,0,0.0237139,-0.407092,-0.58267,0,1.6508,-28.7241,-41.2686,1],[0.697758,-0.137564,0,0,-0.11501,-0.583358,0.390201,0,-0.0754759,-0.382832,-0.594588,0,-5.36311,-27.0933,-42.0049,1],[-0.616526,-0.339646,-0.101619,0,-0.198529,0.161869,0.663457,0,-0.293721,0.603514,-0.235136,0,-20.9918,42.5442,-16.8105,1],[0.66698,0.246837,0,0,0.0493541,-0.13336,0.696828,0,0.241852,-0.653511,-0.1422,0,17.1037,-46.2339,-10.043,1]],"A_Whale02":[[0.925291,0.665894,0.00465315,0,0.349395,-0.492258,0.96706,0,0.566886,-0.783497,-0.603633,0,24.4553,-34.0046,-26.1024,1],[-1.09298,0.1881,-0.306331,0,0.358576,0.50131,-0.971561,0,-0.0253642,-1.01839,-0.534836,0,-0.899787,-43.4761,-22.7273,1],[0.680291,0.732942,0,0,0.237004,-0.219978,0.946278,0,0.693566,-0.643744,-0.323359,0,34.3319,-32.0999,-15.6149,1]]}